1.10.1	META-INF\androidx.activity_activity-compose.version
1.10.1	META-INF\androidx.activity_activity-ktx.version
1.10.1	META-INF\androidx.activity_activity.version
1.5.0	META-INF\androidx.annotation_annotation-experimental.version
1.7.1	META-INF\androidx.appcompat_appcompat-resources.version
1.7.1	META-INF\androidx.appcompat_appcompat.version
task ':arch:core:core-runtime:writeVersionFile' property 'version'	META-INF\androidx.arch.core_core-runtime.version
1.0.0	META-INF\androidx.autofill_autofill.version
1.8.0	META-INF\androidx.browser_browser.version
1.0.0	META-INF\androidx.cardview_cardview.version
1.9.0	META-INF\androidx.compose.animation_animation-core.version
1.9.0	META-INF\androidx.compose.animation_animation.version
1.9.0	META-INF\androidx.compose.foundation_foundation-layout.version
1.9.0	META-INF\androidx.compose.foundation_foundation.version
1.3.2	META-INF\androidx.compose.material3_material3.version
1.7.8	META-INF\androidx.compose.material_material-icons-core.version
1.7.8	META-INF\androidx.compose.material_material-icons-extended.version
1.9.0	META-INF\androidx.compose.material_material-ripple.version
1.9.0	META-INF\androidx.compose.material_material.version
1.9.0	META-INF\androidx.compose.runtime_runtime-annotation.version
1.9.0	META-INF\androidx.compose.runtime_runtime-saveable.version
1.9.0	META-INF\androidx.compose.runtime_runtime.version
1.9.0	META-INF\androidx.compose.ui_ui-geometry.version
1.9.0	META-INF\androidx.compose.ui_ui-graphics.version
1.9.0	META-INF\androidx.compose.ui_ui-text-google-fonts.version
1.9.0	META-INF\androidx.compose.ui_ui-text.version
1.9.0	META-INF\androidx.compose.ui_ui-tooling-preview.version
1.9.0	META-INF\androidx.compose.ui_ui-unit.version
1.9.0	META-INF\androidx.compose.ui_ui-util.version
1.9.0	META-INF\androidx.compose.ui_ui.version
2.2.1	META-INF\androidx.constraintlayout_constraintlayout.version
1.17.0	META-INF\androidx.core_core-ktx.version
1.0.0	META-INF\androidx.core_core-viewtree.version
1.17.0	META-INF\androidx.core_core.version
1.0.0	META-INF\androidx.cursoradapter_cursoradapter.version
1.0.0	META-INF\androidx.customview_customview-poolingcontainer.version
1.0.0	META-INF\androidx.customview_customview.version
1.1.7	META-INF\androidx.datastore_datastore-core.version
1.1.7	META-INF\androidx.datastore_datastore-preferences-core.version
1.1.7	META-INF\androidx.datastore_datastore-preferences.version
1.1.7	META-INF\androidx.datastore_datastore.version
1.1.0	META-INF\androidx.documentfile_documentfile.version
1.0.0	META-INF\androidx.drawerlayout_drawerlayout.version
1.4.0	META-INF\androidx.emoji2_emoji2-views-helper.version
1.4.0	META-INF\androidx.emoji2_emoji2.version
1.3.7	META-INF\androidx.exifinterface_exifinterface.version
1.5.4	META-INF\androidx.fragment_fragment.version
1.0.1	META-INF\androidx.graphics_graphics-path.version
1.2.0	META-INF\androidx.hilt_hilt-navigation-compose.version
1.2.0	META-INF\androidx.hilt_hilt-navigation.version
1.0.0	META-INF\androidx.interpolator_interpolator.version
1.0.0	META-INF\androidx.legacy_legacy-support-core-utils.version
2.9.4	META-INF\androidx.lifecycle_lifecycle-livedata-core-ktx.version
2.9.4	META-INF\androidx.lifecycle_lifecycle-livedata-core.version
2.9.4	META-INF\androidx.lifecycle_lifecycle-livedata.version
2.9.4	META-INF\androidx.lifecycle_lifecycle-process.version
2.9.4	META-INF\androidx.lifecycle_lifecycle-runtime-compose.version
2.9.4	META-INF\androidx.lifecycle_lifecycle-runtime-ktx.version
2.9.4	META-INF\androidx.lifecycle_lifecycle-runtime.version
2.9.4	META-INF\androidx.lifecycle_lifecycle-service.version
2.9.4	META-INF\androidx.lifecycle_lifecycle-viewmodel-compose.version
2.9.4	META-INF\androidx.lifecycle_lifecycle-viewmodel-ktx.version
2.9.4	META-INF\androidx.lifecycle_lifecycle-viewmodel-savedstate.version
2.9.4	META-INF\androidx.lifecycle_lifecycle-viewmodel.version
1.0.0	META-INF\androidx.loader_loader.version
1.0.0	META-INF\androidx.localbroadcastmanager_localbroadcastmanager.version
2.9.3	META-INF\androidx.navigation_navigation-common.version
2.9.3	META-INF\androidx.navigation_navigation-compose.version
2.9.3	META-INF\androidx.navigation_navigation-runtime.version
1.0.0	META-INF\androidx.print_print.version
1.1.0-beta11	META-INF\androidx.privacysandbox.ads_ads-adservices-java.version
1.1.0-beta11	META-INF\androidx.privacysandbox.ads_ads-adservices.version
1.4.0	META-INF\androidx.profileinstaller_profileinstaller.version
2.8.3	META-INF\androidx.room_room-ktx.version
2.8.3	META-INF\androidx.room_room-runtime.version
1.3.1	META-INF\androidx.savedstate_savedstate-compose.version
1.3.1	META-INF\androidx.savedstate_savedstate-ktx.version
1.3.1	META-INF\androidx.savedstate_savedstate.version
2.6.1	META-INF\androidx.sqlite_sqlite-framework.version
2.6.1	META-INF\androidx.sqlite_sqlite.version
1.1.1	META-INF\androidx.startup_startup-runtime.version
1.2.0	META-INF\androidx.tracing_tracing-ktx.version
1.2.0	META-INF\androidx.tracing_tracing.version
1.1.0	META-INF\androidx.vectordrawable_vectordrawable-animated.version
1.1.0	META-INF\androidx.vectordrawable_vectordrawable.version
1.1.1	META-INF\androidx.versionedparcelable_versionedparcelable.version
1.0.0	META-INF\androidx.viewpager_viewpager.version
1.14.0	META-INF\androidx.webkit_webkit.version
2.10.3	META-INF\androidx.work_work-runtime-ktx.version
2.10.3	META-INF\androidx.work_work-runtime.version
2.57.1	META-INF\com.google.dagger_dagger-lint-aar.version
2.57.1	META-INF\com.google.dagger_dagger.version
2.57.1	META-INF\com.google.dagger_hilt-android.version
2.57.1	META-INF\com.google.dagger_hilt-core.version
1.10.2	META-INF\kotlinx_coroutines_android.version
1.10.2	META-INF\kotlinx_coroutines_core.version
1.10.2	META-INF\kotlinx_coroutines_play_services.version
