5017908	assets/audience_network.dex
3042638	assets/mlkit_label_default_model/mobile_ica_8bit_with_metadata_tflite
340760	assets/mlkit-google-ocr-models/taser/detector/rpn_text_detector_mobile_space_to_depth_quantized_mbv2_v1.tflite
315520	assets/mlkit-google-ocr-models/gocr/gocr_models/line_recognition_legacy_mobile/tflite_langid.tflite
309568	assets/mlkit-google-ocr-models/gocr/gocr_models/line_recognition_legacy_mobile/Latn_ctc/optical/lstm_model.fb
161448	assets/mlkit-google-ocr-models/taser/segmenter/tflite_script_detector_0.3.lstm_model
129612	assets/mlkit-google-ocr-models/gocr/layout/line_clustering_custom_ops/model.tflite
114384	assets/mlkit-google-ocr-models/gocr/layout/line_splitting_custom_ops/model.tflite
40848	assets/mlkit-google-ocr-models/gocr/gocr_models/line_recognition_legacy_mobile/Latn_ctc/optical/conv_model.fb
40808	assets/mlkit-google-ocr-models/taser/segmenter/tflite_script_detector_0.3.conv_model
13183	assets/mlkit-google-ocr-models/taser_tflite_gocrlatin_mbv2_scriptid_aksara_layout_gcn_mobile_engine_ti.binarypb
13178	assets/mlkit-google-ocr-models/taser_tflite_gocrlatin_mbv2_scriptid_aksara_layout_gcn_mobile_engine.binarypb
6991	assets/dexopt/baseline.prof
3809	assets/mlkit-google-ocr-models/gocr/gocr_models/line_recognition_legacy_mobile/Latn_ctc/optical/assets.extra/LabelMap.pb
1118	assets/mlkit-google-ocr-models/taser/segmenter/tflite_script_detector_0.3.bincfg
961	assets/dexopt/baseline.profm
452	assets/mlkit-google-ocr-models/taser/detector/region_proposal_text_detector_tflite_vertical_mbv2_v1.bincfg
334	assets/mlkit-google-ocr-models/taser_tflite_gocrlatin_mbv2_scriptid_aksara_layout_gcn_mobile_runner_ti.binarypb
333	assets/mlkit-google-ocr-models/gocr/gocr_models/line_recognition_legacy_mobile/Latn_ctc_cpu.binarypb
331	assets/mlkit-google-ocr-models/taser_tflite_gocrlatin_mbv2_scriptid_aksara_layout_gcn_mobile_runner.binarypb
278	assets/mlkit-google-ocr-models/aksara/aksara_page_layout_analysis_ti_rpn_gcn.binarypb
276	assets/mlkit-google-ocr-models/aksara/aksara_page_layout_analysis_rpn_gcn.binarypb
233	assets/mlkit-google-ocr-models/taser_tflite_gocrlatin_mbv2_scriptid_aksara_layout_gcn_mobile_recognizer.binarypb
194	assets/mlkit-google-ocr-models/taser/rpn_text_detection_tflite_mobile_mbv2.binarypb
136	assets/mlkit-google-ocr-models/taser/taser_script_identification_tflite_mobile.binarypb
