669470	res/raw/animation_gear.json
433918	res/raw/animation_money_fly.json
238792	res/raw/animation_person_hiding.json
163310	res/raw/animation_developer.json
126127	res/values/public.xml
56425	res/raw/animation_no_refill.json
55390	res/raw/animation_no_data_light.json
52223	res/values/attrs.xml
38460	res/raw/animation_service_disabled.json
34334	res/raw/animation_clock.json
29151	res/raw/animation_box.json
25137	res/raw/animation_loading.json
22606	res/drawable/illustration_storage.xml
21044	res/values/strings.xml
20470	res/values/styles.xml
17740	res/raw/animation_doc_shredder.json
16930	res/raw/aimation_doc_shredder.json
14017	res/raw/animation_check.json
12651	res/values/ids.xml
7717	res/raw/animation_youtube.json
7062	res/mipmap-xxxhdpi/ic_launcher_round.webp
7062	res/mipmap-xxxhdpi/ic_launcher.webp
4970	res/mipmap-xxhdpi/ic_launcher_round.webp
4970	res/mipmap-xxhdpi/ic_launcher.webp
4803	res/values/colors.xml
4440	res/values/dimens.xml
4122	res/anim/btn_checkbox_to_checked_box_outer_merged_animation.xml
3875	res/raw/animation_right_3_arrows.json
3839	res/xml/splits0.xml
3550	res/values/arrays.xml
3368	res/layout/native_ad_layout.xml
3315	res/layout/native_ad_layout_meta.xml
3311	res/anim/btn_checkbox_to_unchecked_box_inner_merged_animation.xml
3106	res/mipmap-xhdpi/ic_launcher_round.webp
3106	res/mipmap-xhdpi/ic_launcher.webp
2621	res/layout/notification_template_custom_big.xml
2308	res/anim/btn_checkbox_to_unchecked_check_path_merged_animation.xml
2168	res/mipmap-hdpi/ic_launcher_round.webp
2168	res/mipmap-hdpi/ic_launcher.webp
2153	res/drawable/btn_checkbox_checked_mtrl.xml
2137	res/layout/abc_popup_menu_item_layout.xml
2123	res/drawable/btn_checkbox_unchecked_mtrl.xml
1915	res/anim/btn_checkbox_to_checked_box_inner_merged_animation.xml
1897	res/layout/abc_cascading_menu_item_layout.xml
1717	res/drawable/abc_btn_colored_material.xml
1611	res/anim/btn_radio_to_off_mtrl_ring_outer_animation.xml
1491	res/anim/btn_radio_to_on_mtrl_ring_outer_animation.xml
1491	res/anim/btn_radio_to_on_mtrl_dot_group_animation.xml
1491	res/anim/btn_radio_to_off_mtrl_dot_group_animation.xml
1483	res/drawable/smart_search_icon.xml
1438	res/mipmap-mdpi/ic_launcher_round.webp
1438	res/mipmap-mdpi/ic_launcher.webp
1414	res/layout/offline_ads_dialog.xml
1370	res/layout/browser_actions_context_menu_page.xml
1365	res/raw/animation_down_arrow.json
1263	res/drawable/ic_launcher_monochrome.xml
1168	res/drawable/btn_radio_off_mtrl.xml
1167	res/drawable/ic_launcher_foreground.xml
1128	res/drawable/btn_radio_on_mtrl.xml
1099	res/anim/btn_checkbox_to_checked_icon_null_animation.xml
1091	res/anim/btn_checkbox_to_unchecked_icon_null_animation.xml
1071	res/layout/notification_action_tombstone.xml
1038	res/drawable/notification_action_background.xml
1025	res/layout/notification_template_icon_group.xml
961	res/drawable/abc_seekbar_track_material.xml
937	res/layout/browser_actions_context_menu_row.xml
932	res/layout/notification_action.xml
909	res/drawable-hdpi/notification_oversize_large_icon_bg.png
906	res/animator/fragment_open_exit.xml
906	res/animator/fragment_open_enter.xml
904	res/animator/fragment_close_exit.xml
904	res/animator/fragment_close_enter.xml
893	res/drawable/abc_edit_text_material.xml
853	res/drawable/offline_dialog_default_icon_42dp.xml
850	res/anim/btn_radio_to_on_mtrl_ring_outer_path_animation.xml
831	res/layout/select_dialog_multichoice_material.xml
827	res/layout/select_dialog_singlechoice_material.xml
822	res/drawable/abc_ic_menu_cut_mtrl_alpha.xml
821	res/anim/btn_radio_to_off_mtrl_ring_outer_path_animation.xml
820	res/drawable/abc_btn_default_mtrl_shape.xml
808	res/drawable/abc_spinner_textfield_background_material.xml
782	res/values-v28/styles.xml
768	res/raw/firebase_crashlytics_keep.xml
759	res/layout/abc_action_bar_title_item.xml
722	res/drawable/abc_ic_menu_share_mtrl_alpha.xml
709	res/color/abc_tint_default.xml
678	res/drawable/abc_btn_check_material_anim.xml
661	res/drawable/abc_ic_menu_selectall_mtrl_alpha.xml
651	res/layout/abc_popup_menu_header_item_layout.xml
641	res/drawable/admob_close_button_white_circle_black_cross.xml
636	res/drawable/admob_close_button_black_circle_white_cross.xml
633	res/drawable/abc_seekbar_thumb_material.xml
632	res/layout/ime_secondary_split_test_activity.xml
629	res/drawable/common_google_signin_btn_text_disabled.xml
604	res/layout/abc_action_mode_close_item_material.xml
600	res/drawable/abc_btn_radio_material_anim.xml
599	res/drawable/common_google_signin_btn_icon_disabled.xml
565	res/drawable/btn_checkbox_checked_to_unchecked_mtrl_animation.xml
559	res/drawable/btn_checkbox_unchecked_to_checked_mtrl_animation.xml
543	res/layout/abc_action_menu_item_layout.xml
542	res/layout/select_dialog_item_material.xml
540	res/color/common_google_signin_btn_text_light.xml
537	res/drawable/abc_ic_menu_paste_mtrl_am_alpha.xml
536	res/color/common_google_signin_btn_text_dark.xml
530	res/layout/abc_list_menu_item_icon.xml
529	res/drawable/btn_radio_on_to_off_mtrl_animation.xml
527	res/drawable/common_google_signin_btn_text_light_focused.xml
527	res/drawable/common_google_signin_btn_icon_light_focused.xml
527	res/drawable/btn_radio_off_to_on_mtrl_animation.xml
526	res/drawable/common_google_signin_btn_text_dark_focused.xml
526	res/drawable/common_google_signin_btn_icon_dark_focused.xml
482	res/drawable/abc_ic_menu_copy_mtrl_am_alpha.xml
441	res/drawable/common_google_signin_btn_text_light.xml
441	res/drawable/common_google_signin_btn_icon_light.xml
439	res/drawable/common_google_signin_btn_text_dark.xml
439	res/drawable/common_google_signin_btn_icon_dark.xml
430	res/drawable/abc_textfield_search_material.xml
428	res/drawable/admob_close_button_white_cross.xml
409	res/color/abc_tint_switch_track.xml
409	res/color/abc_tint_spinner.xml
409	res/color/abc_tint_edittext.xml
400	res/values/integers.xml
398	res/drawable/abc_dialog_material_background.xml
395	res/drawable/abc_star_black_48dp.xml
385	res/drawable/abc_btn_borderless_material.xml
378	res/color/abc_tint_btn_checkable.xml
369	res/drawable/abc_vector_test.xml
354	res/drawable/abc_star_half_black_48dp.xml
350	res/mipmap-anydpi/ic_launcher_round.xml
350	res/mipmap-anydpi/ic_launcher.xml
344	res/layout/abc_list_menu_item_radio.xml
344	res/layout/abc_list_menu_item_checkbox.xml
331	res/values/bools.xml
330	res/drawable/notification_bg_low.xml
330	res/drawable/notification_bg.xml
329	res/xml/data_extraction_rules.xml
321	res/drawable/abc_seekbar_tick_mark_material.xml
319	res/layout/notification_template_part_chronometer.xml
313	res/layout/notification_template_part_time.xml
303	res/color/switch_thumb_material_light.xml
302	res/color/abc_tint_seek_thumb.xml
301	res/color/switch_thumb_material_dark.xml
290	res/raw/firebase_common_keep.xml
288	res/drawable/common_google_signin_btn_text_light_normal.xml
288	res/drawable/common_google_signin_btn_text_dark_normal.xml
277	res/animator/fragment_fade_exit.xml
277	res/animator/fragment_fade_enter.xml
273	res/drawable/tooltip_frame_light.xml
272	res/drawable/tooltip_frame_dark.xml
261	res/drawable/abc_list_divider_material.xml
260	res/drawable/common_google_signin_btn_icon_light_normal.xml
260	res/drawable/common_google_signin_btn_icon_dark_normal.xml
258	res/drawable/abc_text_cursor_material.xml
256	res/drawable/abc_tab_indicator_material.xml
253	res/color/common_google_signin_btn_tint.xml
248	res/layout/admob_empty_layout.xml
234	res/drawable/abc_switch_thumb_material.xml
234	res/drawable/abc_btn_radio_material.xml
234	res/drawable/abc_btn_check_material.xml
227	res/drawable/test_level_drawable.xml
224	res/layout/ime_base_split_test_activity.xml
222	res/anim/fragment_fast_out_extra_slow_in.xml
220	res/interpolator/fast_out_slow_in.xml
218	res/xml/backup_rules.xml
217	res/values/drawables.xml
207	res/drawable/notification_icon_background.xml
201	res/drawable/offline_dialog_background.xml
199	res/drawable/abc_cab_background_internal_bg.xml
199	res/drawable-watch/abc_dialog_material_background.xml
186	res/interpolator/btn_checkbox_unchecked_mtrl_animation_interpolator_1.xml
186	res/interpolator/btn_checkbox_checked_mtrl_animation_interpolator_1.xml
179	res/interpolator/btn_radio_to_on_mtrl_animation_interpolator_0.xml
179	res/interpolator/btn_radio_to_off_mtrl_animation_interpolator_0.xml
178	res/color/vector_tint_theme_color.xml
173	res/interpolator/btn_checkbox_unchecked_mtrl_animation_interpolator_0.xml
173	res/interpolator/btn_checkbox_checked_mtrl_animation_interpolator_0.xml
173	res/drawable/abc_cab_background_top_material.xml
165	res/color/vector_tint_color.xml
160	res/drawable/notification_tile_bg.xml
141	res/values-v30/integers.xml
131	res/xml/image_share_filepaths.xml
129	res/values-sw600dp/dimens.xml
129	res/values-large/dimens.xml
111	res/xml/file_paths.xml
56	res/drawable/abc_ratingbar_small_material.xml
56	res/drawable/abc_ratingbar_material.xml
56	res/drawable/abc_ratingbar_indicator_material.xml
